fiscal_year,school_year,income,expenditures,surplus_deficit,source
1995,1994-95,13289000,13039000,250000,Urban Institute API
1996,1995-96,14884000,13973000,911000,Urban Institute API
1997,1996-97,15771000,14889000,882000,Urban Institute API
1998,1997-98,16866000,15554000,1312000,Urban Institute API
1999,1998-99,18541000,21538000,-2997000,Urban Institute API
2000,1999-00,19805000,27060000,-7255000,Urban Institute API
2001,2000-01,20725000,20268000,457000,Urban Institute API
2002,2001-02,21404000,21961000,-557000,Urban Institute API
2003,2002-03,23114000,21523000,1591000,Urban Institute API
2004,2003-04,25552000,22307000,3245000,Urban Institute API
2005,2004-05,26115000,23216000,2899000,Urban Institute API
2006,2005-06,27588000,25018000,2570000,Urban Institute API
2007,2006-07,27922000,25226000,2696000,Urban Institute API
2008,2007-08,28644000,25929000,2715000,Urban Institute API
2009,2008-09,27032000,26191000,841000,Urban Institute API
2010,2009-10,29864000,27041000,2823000,Urban Institute API
2011,2010-11,28471000,27076000,1395000,Urban Institute API
2012,2011-12,27762000,25980000,1782000,Urban Institute API
2013,2012-13,26758000,25036000,1722000,Urban Institute API
2014,2013-14,28437000,25330000,3107000,Urban Institute API
2015,2014-15,30198000,26339000,3859000,Urban Institute API
2016,2015-16,30396000,26522000,3874000,Urban Institute API
2017,2016-17,30938000,28203000,2735000,Urban Institute API
2018,2017-18,31344000,28377000,2967000,Urban Institute API
2019,2018-19,31261000,28946000,2315000,Urban Institute API
2020,2019-20,30904000,30094000,810000,Urban Institute API
2021,2020-21,33038000,29637000,3401000,U.S. Census Bureau elsec21
2022,2021-22,32274000,31315000,959000,U.S. Census Bureau elsec22
2023,2022-23,33973000,33660000,313000,U.S. Census Bureau elsec23
2024,2023-24,35040000,33802000,1238000,U.S. Census Bureau elsec24
