year,rev_total,exp_total
1994,13289000.0,13039000
1995,14884000.0,13973000
1996,15771000.0,14889000
1997,16866000.0,15554000
1998,18541000.0,21538000
1999,19805000.0,27060000
2000,20725000.0,20268000
2001,21404000.0,21961000
2002,23114000.0,21523000
2003,25552000.0,22307000
2004,26115000.0,23216000
2005,27588000.0,25018000
2006,27922000.0,25226000
2007,28644000.0,25929000
2008,27032000.0,26191000
2009,29864000.0,27041000
2010,28471000.0,27076000
2011,27762000.0,25980000
2012,26758000.0,25036000
2013,28437000.0,25330000
2014,30198000.0,26339000
2015,30396000.0,26522000
2016,30938000.0,28203000
2017,31344000.0,28377000
2018,31261000.0,28946000
2019,30904000.0,30094000
2020,33038000.0,29637000
